CustomerID,CustomerName,Gender,Age,City,State,Country,RegistrationDate
C0001,Ankit Verma,Female,27,Ahmedabad,Gujarat,India,1/4/2024
C0002,Amit Das,Male,58,Delhi,Delhi,India,11/5/2024
C0003,Riya Sen,Male,28,Mumbai,Maharashtra,India,13/09/2024
C0004,Ankit Singh,Male,52,Delhi,Delhi,India,16/03/2024
C0005,Riya Patel,Male,58,Hyderabad,Telangana,India,3/5/2024
C0006,Pooja Sen,Female,38,Bangalore,Karnataka,India,7/10/2024
C0007,Rohit Sen,Male,19,Hyderabad,Telangana,India,16/12/2024
C0008,Rohit Singh,Male,44,Mumbai,Maharashtra,India,5/7/2024
C0009,Neha Das,Female,58,Bangalore,Karnataka,India,19/02/2024
C0010,Rohit Singh,Male,59,Ahmedabad,Gujarat,India,9/2/2024
C0011,Riya Sen,Female,50,Kolkata,West Bengal,India,12/1/2024
C0012,Rohit Patel,Female,26,Kolkata,West Bengal,India,26/11/2024
C0013,Sneha Sen,Female,39,Kolkata,West Bengal,India,21/12/2024
C0014,Rahul Sharma,Male,46,Mumbai,Maharashtra,India,25/07/2024
C0015,Sneha Verma,Male,60,Pune,Maharashtra,India,3/11/2024
C0016,Priya Ghosh,Female,36,Hyderabad,Telangana,India,19/12/2024
C0017,Amit Sharma,Female,26,Chennai,Tamil Nadu,India,17/01/2024
C0018,Rohit Roy,Female,20,Hyderabad,Telangana,India,18/06/2024
C0019,Sneha Ghosh,Male,33,Ahmedabad,Gujarat,India,27/12/2024
C0020,Rahul Sen,Female,22,Bangalore,Karnataka,India,23/04/2024
C0021,Rahul Singh,Male,40,Hyderabad,Telangana,India,4/3/2024
C0022,Pooja Sharma,Female,44,Delhi,Delhi,India,2/8/2024
C0023,Sneha Verma,Female,40,Mumbai,Maharashtra,India,27/04/2024
C0024,Ankit Singh,Female,50,Mumbai,Maharashtra,India,17/02/2024
C0025,Priya Verma,Female,31,Hyderabad,Telangana,India,3/2/2024
C0026,Sneha Patel,Female,42,Chennai,Tamil Nadu,India,9/8/2024
C0027,Neha Ghosh,Female,41,Bangalore,Karnataka,India,3/7/2024
C0028,Priya Roy,Male,37,Hyderabad,Telangana,India,27/06/2024
C0029,Neha Das,Male,58,Bangalore,Karnataka,India,17/07/2024
C0030,Rohit Verma,Male,18,Ahmedabad,Gujarat,India,24/04/2024
C0031,Arjun Sen,Female,47,Mumbai,Maharashtra,India,4/11/2024
C0032,Pooja Singh,Male,32,Kolkata,West Bengal,India,1/12/2024
C0033,Rohit Singh,Male,23,Chennai,Tamil Nadu,India,27/08/2024
C0034,Pooja Singh,Female,21,Chennai,Tamil Nadu,India,1/7/2024
C0035,Neha Patel,Female,35,Bangalore,Karnataka,India,26/11/2024
C0036,Neha Sen,Male,31,Bangalore,Karnataka,India,19/11/2024
C0037,Ankit Patel,Female,20,Chennai,Tamil Nadu,India,16/04/2024
C0038,Ankit Ghosh,Female,35,Ahmedabad,Gujarat,India,2/3/2024
C0039,Pooja Singh,Male,58,Ahmedabad,Gujarat,India,19/08/2024
C0040,Amit Roy,Female,51,Chennai,Tamil Nadu,India,7/12/2024
C0041,Rohit Patel,Female,20,Hyderabad,Telangana,India,23/08/2024
C0042,Rahul Das,Male,51,Chennai,Tamil Nadu,India,15/09/2024
C0043,Sneha Sen,Female,25,Kolkata,West Bengal,India,18/03/2024
C0044,Amit Verma,Male,22,Pune,Maharashtra,India,19/04/2024
C0045,Rohit Verma,Female,35,Mumbai,Maharashtra,India,4/6/2024
C0046,Ankit Singh,Male,56,Chennai,Tamil Nadu,India,23/09/2024
C0047,Pooja Das,Female,31,Ahmedabad,Gujarat,India,25/09/2024
C0048,Rahul Verma,Male,43,Delhi,Delhi,India,8/11/2024
C0049,Riya Roy,Male,25,Kolkata,West Bengal,India,21/12/2024
C0050,Ankit Das,Male,42,Hyderabad,Telangana,India,21/10/2024
C0051,Sneha Patel,Male,55,Kolkata,West Bengal,India,3/11/2024
C0052,Neha Verma,Female,18,Bangalore,Karnataka,India,7/11/2024
C0053,Amit Verma,Female,32,Pune,Maharashtra,India,3/4/2024
C0054,Ankit Roy,Male,18,Bangalore,Karnataka,India,25/02/2024
C0055,Ankit Patel,Female,53,Chennai,Tamil Nadu,India,8/11/2024
C0056,Ankit Sen,Female,26,Pune,Maharashtra,India,9/11/2024
C0057,Sneha Singh,Female,19,Ahmedabad,Gujarat,India,3/1/2024
C0058,Arjun Sharma,Female,30,Delhi,Delhi,India,12/8/2024
C0059,Pooja Roy,Female,47,Mumbai,Maharashtra,India,7/1/2024
C0060,Ankit Roy,Male,34,Bangalore,Karnataka,India,9/8/2024
C0061,Riya Ghosh,Female,38,Kolkata,West Bengal,India,6/7/2024
C0062,Sneha Patel,Female,53,Chennai,Tamil Nadu,India,25/08/2024
C0063,Ankit Patel,Female,35,Ahmedabad,Gujarat,India,24/10/2024
C0064,Amit Das,Female,36,Delhi,Delhi,India,23/04/2024
C0065,Amit Sen,Male,56,Hyderabad,Telangana,India,14/09/2024
C0066,Amit Ghosh,Female,31,Pune,Maharashtra,India,5/3/2024
C0067,Ankit Patel,Male,39,Pune,Maharashtra,India,25/07/2024
C0068,Rahul Ghosh,Female,53,Mumbai,Maharashtra,India,9/4/2024
C0069,Riya Sen,Female,35,Mumbai,Maharashtra,India,28/08/2024
C0070,Riya Verma,Female,56,Delhi,Delhi,India,3/9/2024
C0071,Riya Singh,Female,57,Delhi,Delhi,India,10/9/2024
C0072,Sneha Sen,Female,24,Pune,Maharashtra,India,19/08/2024
C0073,Neha Das,Female,41,Ahmedabad,Gujarat,India,7/12/2024
C0074,Amit Ghosh,Female,29,Ahmedabad,Gujarat,India,18/12/2024
C0075,Amit Ghosh,Male,18,Chennai,Tamil Nadu,India,15/12/2024
C0076,Arjun Roy,Female,39,Ahmedabad,Gujarat,India,19/04/2024
C0077,Rahul Ghosh,Male,33,Pune,Maharashtra,India,17/01/2024
C0078,Rahul Sen,Female,24,Mumbai,Maharashtra,India,3/1/2024
C0079,Rohit Verma,Male,19,Pune,Maharashtra,India,17/08/2024
C0080,Neha Das,Female,23,Mumbai,Maharashtra,India,28/05/2024
C0081,Rohit Sen,Male,39,Hyderabad,Telangana,India,20/06/2024
C0082,Riya Roy,Female,53,Pune,Maharashtra,India,18/12/2024
C0083,Arjun Patel,Female,21,Chennai,Tamil Nadu,India,27/03/2024
C0084,Rohit Singh,Male,58,Ahmedabad,Gujarat,India,11/9/2024
C0085,Amit Sen,Male,41,Pune,Maharashtra,India,15/04/2024
C0086,Neha Singh,Male,44,Bangalore,Karnataka,India,7/8/2024
C0087,Rahul Patel,Female,27,Kolkata,West Bengal,India,2/6/2024
C0088,Rohit Ghosh,Male,19,Delhi,Delhi,India,25/05/2024
C0089,Priya Das,Female,36,Chennai,Tamil Nadu,India,1/2/2024
C0090,Pooja Verma,Female,56,Hyderabad,Telangana,India,10/9/2024
C0091,Neha Verma,Male,23,Ahmedabad,Gujarat,India,16/07/2024
C0092,Neha Patel,Male,60,Mumbai,Maharashtra,India,8/7/2024
C0093,Sneha Roy,Female,22,Kolkata,West Bengal,India,16/03/2024
C0094,Arjun Sharma,Female,25,Pune,Maharashtra,India,28/05/2024
C0095,Rahul Sharma,Male,28,Delhi,Delhi,India,18/02/2024
C0096,Riya Sharma,Male,46,Kolkata,West Bengal,India,13/10/2024
C0097,Riya Roy,Male,43,Bangalore,Karnataka,India,16/12/2024
C0098,Ankit Sen,Male,46,Chennai,Tamil Nadu,India,26/07/2024
C0099,Sneha Singh,Male,53,Bangalore,Karnataka,India,23/07/2024
C0100,Priya Ghosh,Female,21,Pune,Maharashtra,India,7/6/2024
C0101,Riya Singh,Female,60,Bangalore,Karnataka,India,19/05/2024
C0102,Pooja Singh,Female,27,Kolkata,West Bengal,India,1/6/2024
C0103,Riya Sen,Female,25,Delhi,Delhi,India,22/07/2024
C0104,Riya Das,Male,23,Bangalore,Karnataka,India,28/11/2024
C0105,Sneha Ghosh,Female,45,Hyderabad,Telangana,India,15/11/2024
C0106,Rahul Das,Female,45,Ahmedabad,Gujarat,India,12/10/2024
C0107,Priya Roy,Male,32,Bangalore,Karnataka,India,22/07/2024
C0108,Priya Sen,Male,24,Chennai,Tamil Nadu,India,27/07/2024
C0109,Pooja Sen,Female,19,Bangalore,Karnataka,India,8/9/2024
C0110,Arjun Roy,Female,29,Ahmedabad,Gujarat,India,26/09/2024
C0111,Ankit Verma,Male,23,Kolkata,West Bengal,India,26/05/2024
C0112,Rohit Roy,Female,27,Kolkata,West Bengal,India,6/5/2024
C0113,Pooja Roy,Female,21,Bangalore,Karnataka,India,21/08/2024
C0114,Arjun Patel,Male,39,Kolkata,West Bengal,India,1/2/2024
C0115,Rohit Patel,Male,60,Mumbai,Maharashtra,India,16/01/2024
C0116,Priya Singh,Female,25,Pune,Maharashtra,India,2/8/2024
C0117,Pooja Sharma,Male,39,Delhi,Delhi,India,5/5/2024
C0118,Neha Sen,Female,29,Chennai,Tamil Nadu,India,5/6/2024
C0119,Arjun Das,Male,55,Chennai,Tamil Nadu,India,7/2/2024
C0120,Sneha Verma,Female,35,Delhi,Delhi,India,25/01/2024
C0121,Rohit Ghosh,Male,40,Chennai,Tamil Nadu,India,3/2/2024
C0122,Arjun Ghosh,Female,53,Kolkata,West Bengal,India,20/06/2024
C0123,Priya Verma,Male,45,Pune,Maharashtra,India,11/3/2024
C0124,Pooja Sen,Female,20,Hyderabad,Telangana,India,14/07/2024
C0125,Priya Singh,Female,26,Hyderabad,Telangana,India,26/12/2024
C0126,Rohit Ghosh,Female,34,Kolkata,West Bengal,India,16/02/2024
C0127,Sneha Patel,Male,50,Pune,Maharashtra,India,27/05/2024
C0128,Neha Roy,Male,43,Ahmedabad,Gujarat,India,5/7/2024
C0129,Rohit Sen,Male,55,Pune,Maharashtra,India,9/12/2024
C0130,Rohit Sharma,Female,55,Hyderabad,Telangana,India,13/01/2024
C0131,Rahul Roy,Male,44,Kolkata,West Bengal,India,2/3/2024
C0132,Riya Roy,Female,22,Delhi,Delhi,India,7/12/2024
C0133,Amit Roy,Male,25,Hyderabad,Telangana,India,22/12/2024
C0134,Rohit Patel,Female,57,Hyderabad,Telangana,India,28/01/2024
C0135,Rahul Patel,Male,25,Delhi,Delhi,India,12/4/2024
C0136,Priya Singh,Female,32,Kolkata,West Bengal,India,2/3/2024
C0137,Rohit Ghosh,Female,52,Hyderabad,Telangana,India,27/01/2024
C0138,Riya Verma,Male,55,Kolkata,West Bengal,India,24/04/2024
C0139,Priya Singh,Female,29,Ahmedabad,Gujarat,India,2/3/2024
C0140,Neha Das,Male,32,Ahmedabad,Gujarat,India,11/2/2024
C0141,Pooja Verma,Female,58,Hyderabad,Telangana,India,25/03/2024
C0142,Priya Patel,Female,33,Delhi,Delhi,India,19/12/2024
C0143,Rohit Patel,Male,39,Bangalore,Karnataka,India,7/9/2024
C0144,Pooja Ghosh,Male,31,Ahmedabad,Gujarat,India,14/12/2024
C0145,Ankit Roy,Female,31,Pune,Maharashtra,India,14/04/2024
C0146,Rohit Singh,Male,20,Chennai,Tamil Nadu,India,1/10/2024
C0147,Arjun Sharma,Female,37,Bangalore,Karnataka,India,19/07/2024
C0148,Neha Singh,Female,59,Chennai,Tamil Nadu,India,13/03/2024
C0149,Neha Sen,Male,27,Ahmedabad,Gujarat,India,3/10/2024
C0150,Sneha Patel,Male,24,Chennai,Tamil Nadu,India,21/11/2024
C0151,Amit Sen,Male,21,Mumbai,Maharashtra,India,6/2/2024
C0152,Priya Singh,Male,46,Chennai,Tamil Nadu,India,3/5/2024
C0153,Sneha Verma,Male,46,Chennai,Tamil Nadu,India,25/11/2024
C0154,Pooja Ghosh,Female,60,Ahmedabad,Gujarat,India,1/2/2024
C0155,Neha Roy,Female,57,Delhi,Delhi,India,22/06/2024
C0156,Priya Patel,Male,59,Chennai,Tamil Nadu,India,9/5/2024
C0157,Sneha Das,Male,57,Hyderabad,Telangana,India,28/10/2024
C0158,Rohit Verma,Female,55,Bangalore,Karnataka,India,24/03/2024
C0159,Ankit Ghosh,Male,56,Delhi,Delhi,India,24/06/2024
C0160,Riya Das,Female,52,Ahmedabad,Gujarat,India,10/1/2024
C0161,Arjun Roy,Female,52,Bangalore,Karnataka,India,11/6/2024
C0162,Priya Ghosh,Male,59,Mumbai,Maharashtra,India,27/11/2024
C0163,Sneha Singh,Male,20,Ahmedabad,Gujarat,India,3/2/2024
C0164,Riya Roy,Female,33,Kolkata,West Bengal,India,21/12/2024
C0165,Priya Roy,Male,37,Chennai,Tamil Nadu,India,3/8/2024
C0166,Ankit Singh,Female,28,Delhi,Delhi,India,13/03/2024
C0167,Priya Singh,Male,18,Hyderabad,Telangana,India,23/01/2024
C0168,Riya Verma,Female,39,Mumbai,Maharashtra,India,26/07/2024
C0169,Amit Sharma,Male,26,Kolkata,West Bengal,India,11/12/2024
C0170,Neha Das,Male,36,Pune,Maharashtra,India,15/06/2024
C0171,Neha Singh,Female,37,Ahmedabad,Gujarat,India,4/1/2024
C0172,Amit Sharma,Female,54,Ahmedabad,Gujarat,India,6/7/2024
C0173,Pooja Ghosh,Female,28,Bangalore,Karnataka,India,11/2/2024
C0174,Amit Das,Female,54,Chennai,Tamil Nadu,India,14/03/2024
C0175,Neha Das,Male,34,Bangalore,Karnataka,India,21/07/2024
C0176,Sneha Roy,Male,24,Ahmedabad,Gujarat,India,12/8/2024
C0177,Sneha Roy,Male,18,Delhi,Delhi,India,18/03/2024
C0178,Neha Verma,Male,57,Bangalore,Karnataka,India,6/6/2024
C0179,Neha Verma,Male,49,Mumbai,Maharashtra,India,18/03/2024
C0180,Rahul Roy,Female,22,Pune,Maharashtra,India,5/10/2024
C0181,Priya Patel,Male,56,Ahmedabad,Gujarat,India,24/05/2024
C0182,Riya Singh,Female,26,Chennai,Tamil Nadu,India,25/04/2024
C0183,Neha Sen,Female,36,Pune,Maharashtra,India,24/09/2024
C0184,Ankit Patel,Male,42,Pune,Maharashtra,India,1/7/2024
C0185,Amit Roy,Male,60,Mumbai,Maharashtra,India,21/06/2024
C0186,Amit Verma,Female,36,Kolkata,West Bengal,India,27/02/2024
C0187,Rohit Ghosh,Female,35,Chennai,Tamil Nadu,India,13/12/2024
C0188,Priya Verma,Male,28,Mumbai,Maharashtra,India,24/02/2024
C0189,Riya Singh,Male,22,Kolkata,West Bengal,India,27/08/2024
C0190,Riya Sen,Male,35,Mumbai,Maharashtra,India,5/7/2024
C0191,Amit Sen,Male,60,Pune,Maharashtra,India,17/01/2024
C0192,Riya Patel,Male,42,Mumbai,Maharashtra,India,23/01/2024
C0193,Riya Sharma,Female,45,Hyderabad,Telangana,India,12/6/2024
C0194,Neha Verma,Male,44,Mumbai,Maharashtra,India,18/07/2024
C0195,Rohit Roy,Female,38,Ahmedabad,Gujarat,India,28/12/2024
C0196,Amit Singh,Male,28,Hyderabad,Telangana,India,18/04/2024
C0197,Neha Roy,Female,38,Pune,Maharashtra,India,12/4/2024
C0198,Riya Verma,Male,35,Ahmedabad,Gujarat,India,1/3/2024
C0199,Amit Ghosh,Female,46,Chennai,Tamil Nadu,India,7/7/2024
C0200,Rahul Patel,Male,43,Kolkata,West Bengal,India,8/6/2024
C0201,Ankit Patel,Male,19,Kolkata,West Bengal,India,21/02/2024
C0202,Neha Das,Male,21,Mumbai,Maharashtra,India,26/02/2024
C0203,Ankit Verma,Male,59,Ahmedabad,Gujarat,India,16/12/2024
C0204,Priya Sen,Female,19,Bangalore,Karnataka,India,25/08/2024
C0205,Riya Das,Male,36,Hyderabad,Telangana,India,5/9/2024
C0206,Pooja Patel,Male,30,Mumbai,Maharashtra,India,24/12/2024
C0207,Riya Das,Male,52,Kolkata,West Bengal,India,6/6/2024
C0208,Neha Ghosh,Female,33,Kolkata,West Bengal,India,10/5/2024
C0209,Pooja Sharma,Female,56,Kolkata,West Bengal,India,14/07/2024
C0210,Neha Ghosh,Male,38,Delhi,Delhi,India,27/09/2024
C0211,Rohit Sharma,Female,29,Hyderabad,Telangana,India,4/12/2024
C0212,Arjun Sharma,Female,51,Pune,Maharashtra,India,24/09/2024
C0213,Priya Das,Male,19,Kolkata,West Bengal,India,3/5/2024
C0214,Priya Sen,Female,27,Bangalore,Karnataka,India,5/6/2024
C0215,Sneha Roy,Female,59,Bangalore,Karnataka,India,26/04/2024
C0216,Amit Roy,Male,32,Kolkata,West Bengal,India,20/09/2024
C0217,Ankit Roy,Female,20,Mumbai,Maharashtra,India,21/07/2024
C0218,Arjun Singh,Female,45,Delhi,Delhi,India,16/09/2024
C0219,Neha Ghosh,Male,47,Chennai,Tamil Nadu,India,27/12/2024
C0220,Priya Singh,Female,23,Pune,Maharashtra,India,4/3/2024
C0221,Pooja Roy,Female,21,Chennai,Tamil Nadu,India,10/5/2024
C0222,Riya Roy,Female,43,Chennai,Tamil Nadu,India,21/02/2024
C0223,Priya Das,Male,35,Mumbai,Maharashtra,India,26/07/2024
C0224,Priya Das,Female,20,Pune,Maharashtra,India,9/12/2024
C0225,Priya Patel,Male,18,Hyderabad,Telangana,India,17/06/2024
C0226,Riya Patel,Male,19,Mumbai,Maharashtra,India,3/3/2024
C0227,Rahul Das,Female,53,Chennai,Tamil Nadu,India,5/4/2024
C0228,Amit Roy,Female,42,Kolkata,West Bengal,India,26/12/2024
C0229,Rahul Roy,Female,43,Chennai,Tamil Nadu,India,1/11/2024
C0230,Pooja Sharma,Female,29,Kolkata,West Bengal,India,21/12/2024
C0231,Priya Sharma,Male,46,Delhi,Delhi,India,15/07/2024
C0232,Rohit Sharma,Female,24,Mumbai,Maharashtra,India,18/04/2024
C0233,Arjun Das,Female,44,Pune,Maharashtra,India,16/10/2024
C0234,Riya Sharma,Male,45,Chennai,Tamil Nadu,India,4/11/2024
C0235,Ankit Das,Female,42,Chennai,Tamil Nadu,India,21/02/2024
C0236,Rahul Verma,Female,25,Mumbai,Maharashtra,India,13/10/2024
C0237,Rahul Sen,Male,30,Hyderabad,Telangana,India,10/10/2024
C0238,Neha Das,Female,23,Chennai,Tamil Nadu,India,17/09/2024
C0239,Neha Patel,Male,45,Mumbai,Maharashtra,India,18/09/2024
C0240,Riya Verma,Female,20,Ahmedabad,Gujarat,India,24/04/2024
C0241,Rahul Sharma,Male,29,Mumbai,Maharashtra,India,19/04/2024
C0242,Neha Sen,Male,41,Chennai,Tamil Nadu,India,17/03/2024
C0243,Arjun Singh,Male,56,Pune,Maharashtra,India,22/09/2024
C0244,Riya Sharma,Male,50,Kolkata,West Bengal,India,6/6/2024
C0245,Neha Patel,Female,46,Chennai,Tamil Nadu,India,3/6/2024
C0246,Arjun Roy,Female,36,Hyderabad,Telangana,India,27/04/2024
C0247,Ankit Verma,Male,43,Hyderabad,Telangana,India,26/01/2024
C0248,Rahul Roy,Male,18,Pune,Maharashtra,India,26/01/2024
C0249,Rohit Verma,Female,60,Bangalore,Karnataka,India,11/3/2024
C0250,Pooja Roy,Male,56,Pune,Maharashtra,India,4/11/2024
C0251,Rahul Roy,Female,31,Kolkata,West Bengal,India,10/4/2024
C0252,Amit Sen,Male,55,Bangalore,Karnataka,India,25/11/2024
C0253,Rahul Roy,Male,33,Delhi,Delhi,India,19/09/2024
C0254,Ankit Sharma,Male,51,Mumbai,Maharashtra,India,25/04/2024
C0255,Sneha Roy,Male,57,Kolkata,West Bengal,India,3/8/2024
C0256,Priya Sharma,Female,41,Bangalore,Karnataka,India,15/02/2024
C0257,Rahul Roy,Female,40,Hyderabad,Telangana,India,23/07/2024
C0258,Ankit Singh,Female,21,Hyderabad,Telangana,India,10/1/2024
C0259,Riya Roy,Female,37,Pune,Maharashtra,India,15/04/2024
C0260,Riya Singh,Female,42,Kolkata,West Bengal,India,16/06/2024
C0261,Riya Ghosh,Male,42,Ahmedabad,Gujarat,India,14/05/2024
C0262,Rahul Verma,Female,22,Mumbai,Maharashtra,India,22/11/2024
C0263,Riya Patel,Male,31,Mumbai,Maharashtra,India,18/07/2024
C0264,Sneha Singh,Female,57,Ahmedabad,Gujarat,India,15/08/2024
C0265,Rahul Sharma,Male,54,Hyderabad,Telangana,India,11/11/2024
C0266,Rahul Patel,Female,34,Pune,Maharashtra,India,12/7/2024
C0267,Priya Singh,Female,59,Ahmedabad,Gujarat,India,19/05/2024
C0268,Neha Sen,Female,46,Hyderabad,Telangana,India,11/11/2024
C0269,Arjun Sharma,Female,41,Kolkata,West Bengal,India,6/2/2024
C0270,Ankit Sharma,Male,55,Ahmedabad,Gujarat,India,17/02/2024
C0271,Neha Roy,Female,25,Mumbai,Maharashtra,India,18/04/2024
C0272,Rahul Sharma,Male,23,Kolkata,West Bengal,India,14/04/2024
C0273,Neha Patel,Male,40,Mumbai,Maharashtra,India,19/09/2024
C0274,Amit Roy,Male,29,Bangalore,Karnataka,India,17/04/2024
C0275,Rohit Ghosh,Male,51,Pune,Maharashtra,India,11/4/2024
C0276,Rahul Patel,Male,51,Bangalore,Karnataka,India,4/11/2024
C0277,Rahul Singh,Male,31,Chennai,Tamil Nadu,India,13/04/2024
C0278,Arjun Das,Male,50,Bangalore,Karnataka,India,5/9/2024
C0279,Rahul Roy,Male,28,Chennai,Tamil Nadu,India,3/10/2024
C0280,Amit Sharma,Male,21,Bangalore,Karnataka,India,27/08/2024
C0281,Neha Das,Male,32,Bangalore,Karnataka,India,16/01/2024
C0282,Riya Patel,Female,23,Delhi,Delhi,India,27/08/2024
C0283,Rahul Sen,Female,43,Delhi,Delhi,India,19/04/2024
C0284,Arjun Sen,Female,49,Ahmedabad,Gujarat,India,28/10/2024
C0285,Pooja Verma,Female,50,Mumbai,Maharashtra,India,18/09/2024
C0286,Riya Roy,Female,25,Pune,Maharashtra,India,22/06/2024
C0287,Ankit Verma,Female,42,Hyderabad,Telangana,India,12/6/2024
C0288,Neha Verma,Female,55,Pune,Maharashtra,India,27/02/2024
C0289,Priya Singh,Male,18,Pune,Maharashtra,India,4/2/2024
C0290,Riya Sen,Male,21,Kolkata,West Bengal,India,16/05/2024
C0291,Ankit Patel,Male,54,Pune,Maharashtra,India,17/11/2024
C0292,Riya Ghosh,Female,38,Bangalore,Karnataka,India,11/8/2024
C0293,Rahul Singh,Male,54,Delhi,Delhi,India,23/08/2024
C0294,Sneha Ghosh,Male,43,Ahmedabad,Gujarat,India,24/08/2024
C0295,Ankit Sen,Male,45,Hyderabad,Telangana,India,24/03/2024
C0296,Riya Sen,Male,43,Hyderabad,Telangana,India,19/03/2024
C0297,Pooja Singh,Female,41,Bangalore,Karnataka,India,18/04/2024
C0298,Rahul Sen,Male,45,Pune,Maharashtra,India,6/5/2024
C0299,Pooja Ghosh,Male,30,Pune,Maharashtra,India,4/4/2024
C0300,Amit Ghosh,Female,49,Chennai,Tamil Nadu,India,19/01/2024
C0301,Pooja Sen,Female,42,Kolkata,West Bengal,India,21/01/2024
C0302,Pooja Sen,Male,58,Chennai,Tamil Nadu,India,6/7/2024
C0303,Sneha Roy,Female,36,Pune,Maharashtra,India,25/10/2024
C0304,Sneha Ghosh,Male,33,Ahmedabad,Gujarat,India,22/06/2024
C0305,Riya Sen,Male,56,Delhi,Delhi,India,13/10/2024
C0306,Riya Ghosh,Female,30,Ahmedabad,Gujarat,India,2/10/2024
C0307,Rohit Roy,Male,50,Kolkata,West Bengal,India,25/04/2024
C0308,Pooja Singh,Male,55,Hyderabad,Telangana,India,13/04/2024
C0309,Pooja Sharma,Male,27,Delhi,Delhi,India,13/05/2024
C0310,Arjun Das,Male,24,Delhi,Delhi,India,13/11/2024
C0311,Ankit Singh,Male,48,Mumbai,Maharashtra,India,9/1/2024
C0312,Neha Verma,Female,18,Ahmedabad,Gujarat,India,20/09/2024
C0313,Riya Patel,Male,44,Pune,Maharashtra,India,27/12/2024
C0314,Ankit Ghosh,Male,35,Ahmedabad,Gujarat,India,5/5/2024
C0315,Amit Verma,Male,25,Delhi,Delhi,India,22/02/2024
C0316,Rohit Das,Male,59,Pune,Maharashtra,India,19/06/2024
C0317,Riya Singh,Male,39,Ahmedabad,Gujarat,India,16/04/2024
C0318,Rohit Sen,Male,23,Pune,Maharashtra,India,9/8/2024
C0319,Riya Das,Female,51,Pune,Maharashtra,India,9/9/2024
C0320,Neha Singh,Female,27,Delhi,Delhi,India,20/11/2024
C0321,Pooja Patel,Male,37,Ahmedabad,Gujarat,India,1/2/2024
C0322,Rohit Singh,Female,45,Mumbai,Maharashtra,India,2/10/2024
C0323,Ankit Patel,Female,29,Pune,Maharashtra,India,20/01/2024
C0324,Rohit Ghosh,Female,37,Delhi,Delhi,India,25/04/2024
C0325,Rahul Roy,Male,51,Delhi,Delhi,India,19/05/2024
C0326,Riya Das,Male,50,Mumbai,Maharashtra,India,16/06/2024
C0327,Pooja Singh,Female,41,Mumbai,Maharashtra,India,19/04/2024
C0328,Rohit Sharma,Male,39,Mumbai,Maharashtra,India,3/7/2024
C0329,Sneha Ghosh,Male,52,Mumbai,Maharashtra,India,21/04/2024
C0330,Neha Singh,Male,60,Mumbai,Maharashtra,India,18/01/2024
C0331,Rahul Roy,Male,41,Kolkata,West Bengal,India,7/11/2024
C0332,Ankit Patel,Male,50,Bangalore,Karnataka,India,10/11/2024
C0333,Riya Roy,Male,56,Pune,Maharashtra,India,22/07/2024
C0334,Riya Sharma,Male,51,Chennai,Tamil Nadu,India,23/04/2024
C0335,Pooja Sharma,Female,49,Ahmedabad,Gujarat,India,11/2/2024
C0336,Sneha Roy,Female,46,Chennai,Tamil Nadu,India,28/12/2024
C0337,Riya Sharma,Male,25,Hyderabad,Telangana,India,27/03/2024
C0338,Rohit Sen,Female,49,Ahmedabad,Gujarat,India,20/02/2024
C0339,Sneha Ghosh,Male,54,Bangalore,Karnataka,India,24/03/2024
C0340,Riya Patel,Female,51,Kolkata,West Bengal,India,18/09/2024
C0341,Riya Verma,Female,54,Chennai,Tamil Nadu,India,1/6/2024
C0342,Rahul Roy,Male,58,Mumbai,Maharashtra,India,16/11/2024
C0343,Rohit Ghosh,Male,37,Ahmedabad,Gujarat,India,24/11/2024
C0344,Priya Roy,Male,20,Mumbai,Maharashtra,India,20/12/2024
C0345,Priya Singh,Male,32,Ahmedabad,Gujarat,India,15/03/2024
C0346,Priya Verma,Male,30,Delhi,Delhi,India,26/04/2024
C0347,Pooja Roy,Male,19,Ahmedabad,Gujarat,India,2/9/2024
C0348,Amit Sen,Female,26,Mumbai,Maharashtra,India,13/02/2024
C0349,Ankit Roy,Female,46,Pune,Maharashtra,India,25/07/2024
C0350,Neha Sen,Male,27,Chennai,Tamil Nadu,India,12/3/2024
C0351,Sneha Ghosh,Male,29,Hyderabad,Telangana,India,12/9/2024
C0352,Arjun Das,Male,27,Bangalore,Karnataka,India,24/06/2024
C0353,Rahul Roy,Female,20,Chennai,Tamil Nadu,India,19/12/2024
C0354,Ankit Roy,Female,53,Pune,Maharashtra,India,15/11/2024
C0355,Riya Verma,Female,58,Mumbai,Maharashtra,India,19/09/2024
C0356,Sneha Sharma,Male,20,Mumbai,Maharashtra,India,27/12/2024
C0357,Ankit Sharma,Female,24,Bangalore,Karnataka,India,20/02/2024
C0358,Sneha Roy,Female,53,Kolkata,West Bengal,India,19/02/2024
C0359,Amit Singh,Male,45,Delhi,Delhi,India,1/2/2024
C0360,Amit Ghosh,Female,39,Delhi,Delhi,India,1/9/2024
C0361,Sneha Das,Male,27,Bangalore,Karnataka,India,7/10/2024
C0362,Sneha Das,Female,56,Kolkata,West Bengal,India,1/5/2024
C0363,Arjun Verma,Female,34,Ahmedabad,Gujarat,India,12/8/2024
C0364,Pooja Singh,Male,27,Pune,Maharashtra,India,2/12/2024
C0365,Rahul Ghosh,Female,35,Pune,Maharashtra,India,27/02/2024
C0366,Arjun Roy,Female,22,Mumbai,Maharashtra,India,17/08/2024
C0367,Neha Singh,Male,44,Pune,Maharashtra,India,21/11/2024
C0368,Arjun Das,Male,46,Pune,Maharashtra,India,16/06/2024
C0369,Riya Sen,Male,28,Mumbai,Maharashtra,India,6/12/2024
C0370,Amit Sharma,Male,34,Chennai,Tamil Nadu,India,12/7/2024
C0371,Arjun Das,Female,47,Delhi,Delhi,India,8/9/2024
C0372,Rahul Singh,Male,21,Hyderabad,Telangana,India,19/04/2024
C0373,Riya Verma,Male,20,Chennai,Tamil Nadu,India,14/05/2024
C0374,Rohit Singh,Male,21,Hyderabad,Telangana,India,2/4/2024
C0375,Neha Sen,Male,46,Mumbai,Maharashtra,India,10/9/2024
C0376,Neha Patel,Male,48,Bangalore,Karnataka,India,12/5/2024
C0377,Pooja Roy,Female,46,Chennai,Tamil Nadu,India,19/05/2024
C0378,Rahul Verma,Female,59,Pune,Maharashtra,India,10/10/2024
C0379,Ankit Roy,Female,21,Ahmedabad,Gujarat,India,8/8/2024
C0380,Neha Patel,Male,32,Ahmedabad,Gujarat,India,28/03/2024
C0381,Amit Roy,Female,34,Mumbai,Maharashtra,India,28/09/2024
C0382,Pooja Sen,Male,24,Pune,Maharashtra,India,15/07/2024
C0383,Rahul Ghosh,Female,41,Ahmedabad,Gujarat,India,4/7/2024
C0384,Ankit Singh,Female,40,Pune,Maharashtra,India,4/3/2024
C0385,Rahul Singh,Female,34,Hyderabad,Telangana,India,5/7/2024
C0386,Rahul Ghosh,Female,20,Ahmedabad,Gujarat,India,2/1/2024
C0387,Rahul Sen,Female,49,Ahmedabad,Gujarat,India,8/1/2024
C0388,Neha Singh,Male,37,Mumbai,Maharashtra,India,9/7/2024
C0389,Rohit Patel,Female,54,Mumbai,Maharashtra,India,20/05/2024
C0390,Pooja Roy,Female,46,Chennai,Tamil Nadu,India,17/07/2024
C0391,Sneha Sharma,Female,57,Bangalore,Karnataka,India,15/09/2024
C0392,Priya Roy,Male,34,Pune,Maharashtra,India,26/04/2024
C0393,Neha Roy,Male,50,Bangalore,Karnataka,India,11/11/2024
C0394,Pooja Sen,Female,23,Pune,Maharashtra,India,20/04/2024
C0395,Riya Roy,Male,18,Mumbai,Maharashtra,India,17/06/2024
C0396,Pooja Das,Male,58,Hyderabad,Telangana,India,6/5/2024
C0397,Rahul Patel,Female,20,Hyderabad,Telangana,India,13/01/2024
C0398,Amit Das,Male,48,Bangalore,Karnataka,India,10/3/2024
C0399,Arjun Singh,Male,43,Mumbai,Maharashtra,India,14/01/2024
C0400,Sneha Sharma,Male,59,Hyderabad,Telangana,India,24/01/2024
C0401,Rahul Ghosh,Male,37,Pune,Maharashtra,India,21/04/2024
C0402,Pooja Sharma,Male,29,Pune,Maharashtra,India,5/9/2024
C0403,Riya Roy,Female,37,Bangalore,Karnataka,India,19/12/2024
C0404,Riya Sen,Male,30,Bangalore,Karnataka,India,16/04/2024
C0405,Rohit Sen,Female,26,Hyderabad,Telangana,India,26/06/2024
C0406,Priya Sen,Male,44,Pune,Maharashtra,India,14/05/2024
C0407,Sneha Ghosh,Female,42,Mumbai,Maharashtra,India,19/01/2024
C0408,Sneha Ghosh,Female,45,Ahmedabad,Gujarat,India,5/9/2024
C0409,Ankit Verma,Male,23,Kolkata,West Bengal,India,15/12/2024
C0410,Rohit Ghosh,Female,50,Mumbai,Maharashtra,India,10/9/2024
C0411,Arjun Patel,Female,58,Hyderabad,Telangana,India,1/8/2024
C0412,Arjun Patel,Male,53,Kolkata,West Bengal,India,28/06/2024
C0413,Arjun Roy,Male,55,Pune,Maharashtra,India,23/01/2024
C0414,Priya Singh,Male,49,Mumbai,Maharashtra,India,24/08/2024
C0415,Rahul Das,Female,29,Delhi,Delhi,India,4/4/2024
C0416,Priya Roy,Male,38,Mumbai,Maharashtra,India,19/11/2024
C0417,Sneha Singh,Male,31,Chennai,Tamil Nadu,India,12/12/2024
C0418,Pooja Ghosh,Female,60,Hyderabad,Telangana,India,7/11/2024
C0419,Priya Sen,Male,36,Mumbai,Maharashtra,India,6/11/2024
C0420,Amit Sharma,Male,32,Kolkata,West Bengal,India,27/07/2024
C0421,Amit Singh,Male,26,Chennai,Tamil Nadu,India,11/6/2024
C0422,Rohit Ghosh,Male,21,Pune,Maharashtra,India,4/5/2024
C0423,Riya Das,Female,27,Delhi,Delhi,India,7/7/2024
C0424,Sneha Patel,Male,56,Chennai,Tamil Nadu,India,6/1/2024
C0425,Rahul Sharma,Female,54,Kolkata,West Bengal,India,6/11/2024
C0426,Arjun Ghosh,Male,18,Mumbai,Maharashtra,India,26/01/2024
C0427,Neha Das,Male,54,Chennai,Tamil Nadu,India,5/10/2024
C0428,Rohit Ghosh,Female,48,Delhi,Delhi,India,6/8/2024
C0429,Neha Singh,Male,20,Bangalore,Karnataka,India,17/01/2024
C0430,Sneha Roy,Male,34,Ahmedabad,Gujarat,India,12/3/2024
C0431,Sneha Roy,Female,22,Chennai,Tamil Nadu,India,15/09/2024
C0432,Rohit Verma,Female,31,Hyderabad,Telangana,India,26/05/2024
C0433,Arjun Ghosh,Female,26,Chennai,Tamil Nadu,India,18/06/2024
C0434,Arjun Verma,Female,42,Ahmedabad,Gujarat,India,27/03/2024
C0435,Pooja Ghosh,Male,36,Pune,Maharashtra,India,5/8/2024
C0436,Sneha Verma,Female,26,Mumbai,Maharashtra,India,1/10/2024
C0437,Pooja Sen,Male,51,Hyderabad,Telangana,India,7/3/2024
C0438,Arjun Das,Female,56,Kolkata,West Bengal,India,5/2/2024
C0439,Ankit Sen,Male,21,Chennai,Tamil Nadu,India,14/04/2024
C0440,Riya Sen,Male,60,Bangalore,Karnataka,India,19/05/2024
C0441,Sneha Singh,Male,25,Ahmedabad,Gujarat,India,9/10/2024
C0442,Rahul Sen,Male,32,Mumbai,Maharashtra,India,6/2/2024
C0443,Sneha Ghosh,Female,50,Chennai,Tamil Nadu,India,13/07/2024
C0444,Riya Das,Female,60,Chennai,Tamil Nadu,India,1/7/2024
C0445,Arjun Patel,Female,32,Kolkata,West Bengal,India,10/4/2024
C0446,Pooja Sen,Male,27,Mumbai,Maharashtra,India,22/03/2024
C0447,Riya Verma,Female,47,Delhi,Delhi,India,25/01/2024
C0448,Pooja Patel,Male,59,Chennai,Tamil Nadu,India,2/7/2024
C0449,Amit Verma,Male,58,Hyderabad,Telangana,India,16/03/2024
C0450,Pooja Roy,Male,52,Chennai,Tamil Nadu,India,3/6/2024
C0451,Sneha Ghosh,Female,44,Bangalore,Karnataka,India,24/03/2024
C0452,Sneha Das,Female,40,Mumbai,Maharashtra,India,19/09/2024
C0453,Rahul Sen,Female,58,Hyderabad,Telangana,India,17/09/2024
C0454,Rahul Das,Female,50,Kolkata,West Bengal,India,3/1/2024
C0455,Priya Sharma,Male,59,Kolkata,West Bengal,India,3/7/2024
C0456,Riya Verma,Female,22,Ahmedabad,Gujarat,India,13/08/2024
C0457,Riya Das,Male,28,Kolkata,West Bengal,India,4/3/2024
C0458,Riya Patel,Male,44,Mumbai,Maharashtra,India,18/11/2024
C0459,Rahul Patel,Male,29,Pune,Maharashtra,India,16/09/2024
C0460,Priya Sharma,Female,22,Delhi,Delhi,India,12/11/2024
C0461,Sneha Ghosh,Male,56,Mumbai,Maharashtra,India,6/4/2024
C0462,Priya Ghosh,Male,26,Chennai,Tamil Nadu,India,3/4/2024
C0463,Riya Ghosh,Female,51,Kolkata,West Bengal,India,3/4/2024
C0464,Priya Roy,Female,38,Hyderabad,Telangana,India,11/11/2024
C0465,Arjun Patel,Male,33,Bangalore,Karnataka,India,27/07/2024
C0466,Rahul Singh,Female,21,Bangalore,Karnataka,India,14/08/2024
C0467,Arjun Das,Male,25,Ahmedabad,Gujarat,India,13/10/2024
C0468,Amit Roy,Female,31,Hyderabad,Telangana,India,21/06/2024
C0469,Priya Das,Male,42,Pune,Maharashtra,India,20/07/2024
C0470,Arjun Patel,Male,26,Ahmedabad,Gujarat,India,17/07/2024
C0471,Priya Ghosh,Female,60,Ahmedabad,Gujarat,India,2/8/2024
C0472,Priya Verma,Male,41,Pune,Maharashtra,India,17/03/2024
C0473,Amit Sen,Female,34,Mumbai,Maharashtra,India,17/04/2024
C0474,Arjun Verma,Male,23,Ahmedabad,Gujarat,India,8/11/2024
C0475,Priya Roy,Female,26,Bangalore,Karnataka,India,8/4/2024
C0476,Riya Verma,Female,48,Kolkata,West Bengal,India,5/7/2024
C0477,Sneha Singh,Female,28,Delhi,Delhi,India,12/7/2024
C0478,Rahul Ghosh,Female,48,Pune,Maharashtra,India,11/1/2024
C0479,Pooja Sen,Female,23,Mumbai,Maharashtra,India,12/6/2024
C0480,Pooja Patel,Male,33,Chennai,Tamil Nadu,India,17/07/2024
C0481,Ankit Roy,Female,27,Mumbai,Maharashtra,India,2/3/2024
C0482,Riya Singh,Female,60,Chennai,Tamil Nadu,India,22/12/2024
C0483,Arjun Singh,Male,35,Pune,Maharashtra,India,12/9/2024
C0484,Priya Sharma,Female,30,Bangalore,Karnataka,India,28/09/2024
C0485,Riya Sen,Female,30,Chennai,Tamil Nadu,India,3/5/2024
C0486,Rohit Sen,Female,20,Hyderabad,Telangana,India,22/07/2024
C0487,Amit Das,Male,38,Mumbai,Maharashtra,India,9/4/2024
C0488,Priya Sharma,Female,49,Chennai,Tamil Nadu,India,6/10/2024
C0489,Amit Patel,Female,36,Mumbai,Maharashtra,India,27/06/2024
C0490,Rahul Sharma,Male,47,Chennai,Tamil Nadu,India,28/08/2024
C0491,Rohit Roy,Male,45,Kolkata,West Bengal,India,4/4/2024
C0492,Rahul Patel,Male,48,Hyderabad,Telangana,India,28/12/2024
C0493,Amit Patel,Female,31,Chennai,Tamil Nadu,India,24/04/2024
C0494,Amit Singh,Male,47,Delhi,Delhi,India,18/12/2024
C0495,Amit Das,Male,27,Mumbai,Maharashtra,India,28/04/2024
C0496,Neha Verma,Female,31,Delhi,Delhi,India,22/04/2024
C0497,Amit Singh,Female,49,Bangalore,Karnataka,India,13/05/2024
C0498,Arjun Sen,Female,57,Chennai,Tamil Nadu,India,23/06/2024
C0499,Rahul Sen,Female,50,Kolkata,West Bengal,India,24/03/2024
C0500,Ankit Verma,Female,58,Pune,Maharashtra,India,24/05/2024
C0501,Ankit Roy,Male,31,Hyderabad,Telangana,India,9/3/2024
C0502,Rahul Roy,Female,46,Mumbai,Maharashtra,India,9/1/2024
C0503,Rohit Roy,Female,38,Ahmedabad,Gujarat,India,26/01/2024
C0504,Rohit Das,Female,51,Mumbai,Maharashtra,India,1/3/2024
C0505,Rohit Ghosh,Male,25,Bangalore,Karnataka,India,19/01/2024
C0506,Rohit Singh,Male,49,Ahmedabad,Gujarat,India,21/05/2024
C0507,Arjun Verma,Female,46,Hyderabad,Telangana,India,18/02/2024
C0508,Priya Das,Male,33,Pune,Maharashtra,India,28/09/2024
C0509,Amit Das,Female,51,Delhi,Delhi,India,11/2/2024
C0510,Rohit Patel,Male,46,Mumbai,Maharashtra,India,13/04/2024
C0511,Neha Roy,Male,22,Pune,Maharashtra,India,1/7/2024
C0512,Rahul Roy,Female,38,Kolkata,West Bengal,India,24/10/2024
C0513,Priya Ghosh,Female,57,Chennai,Tamil Nadu,India,27/11/2024
C0514,Ankit Roy,Male,40,Delhi,Delhi,India,19/01/2024
C0515,Sneha Patel,Male,27,Delhi,Delhi,India,20/11/2024
C0516,Riya Verma,Female,59,Delhi,Delhi,India,24/05/2024
C0517,Ankit Roy,Male,18,Pune,Maharashtra,India,25/06/2024
C0518,Amit Singh,Male,48,Mumbai,Maharashtra,India,24/01/2024
C0519,Arjun Patel,Male,30,Bangalore,Karnataka,India,28/10/2024
C0520,Amit Singh,Female,48,Mumbai,Maharashtra,India,4/9/2024
C0521,Rahul Patel,Male,35,Mumbai,Maharashtra,India,28/04/2024
C0522,Amit Patel,Male,32,Kolkata,West Bengal,India,26/11/2024
C0523,Riya Sharma,Male,27,Delhi,Delhi,India,17/05/2024
C0524,Rahul Singh,Female,20,Bangalore,Karnataka,India,12/3/2024
C0525,Amit Roy,Male,56,Delhi,Delhi,India,24/06/2024
C0526,Rohit Verma,Female,33,Kolkata,West Bengal,India,26/06/2024
C0527,Priya Das,Male,59,Bangalore,Karnataka,India,24/02/2024
C0528,Sneha Roy,Male,45,Pune,Maharashtra,India,3/7/2024
C0529,Priya Ghosh,Female,32,Chennai,Tamil Nadu,India,28/03/2024
C0530,Sneha Ghosh,Male,48,Mumbai,Maharashtra,India,18/11/2024
C0531,Sneha Das,Female,28,Pune,Maharashtra,India,27/10/2024
C0532,Sneha Patel,Male,36,Ahmedabad,Gujarat,India,10/5/2024
C0533,Neha Roy,Male,51,Pune,Maharashtra,India,10/12/2024
C0534,Rohit Singh,Female,53,Pune,Maharashtra,India,17/05/2024
C0535,Riya Singh,Male,55,Bangalore,Karnataka,India,15/01/2024
C0536,Rohit Roy,Male,54,Bangalore,Karnataka,India,1/1/2024
C0537,Ankit Verma,Female,58,Ahmedabad,Gujarat,India,28/06/2024
C0538,Rahul Singh,Male,49,Pune,Maharashtra,India,17/12/2024
C0539,Riya Das,Male,38,Mumbai,Maharashtra,India,4/9/2024
C0540,Rahul Sharma,Female,18,Pune,Maharashtra,India,3/8/2024
C0541,Amit Sharma,Female,33,Hyderabad,Telangana,India,14/08/2024
C0542,Ankit Singh,Male,48,Kolkata,West Bengal,India,28/11/2024
C0543,Pooja Roy,Male,60,Chennai,Tamil Nadu,India,26/05/2024
C0544,Priya Patel,Male,26,Delhi,Delhi,India,2/7/2024
C0545,Rohit Roy,Female,22,Hyderabad,Telangana,India,23/08/2024
C0546,Ankit Sen,Male,44,Bangalore,Karnataka,India,2/1/2024
C0547,Arjun Roy,Female,56,Mumbai,Maharashtra,India,7/11/2024
C0548,Riya Verma,Male,38,Chennai,Tamil Nadu,India,16/10/2024
C0549,Neha Verma,Female,35,Mumbai,Maharashtra,India,19/01/2024
C0550,Ankit Roy,Male,48,Hyderabad,Telangana,India,11/3/2024
C0551,Pooja Sen,Male,24,Hyderabad,Telangana,India,16/09/2024
C0552,Amit Sharma,Female,20,Chennai,Tamil Nadu,India,4/7/2024
C0553,Arjun Singh,Female,30,Delhi,Delhi,India,23/10/2024
C0554,Arjun Singh,Male,54,Mumbai,Maharashtra,India,18/07/2024
C0555,Arjun Verma,Male,32,Kolkata,West Bengal,India,15/12/2024
C0556,Neha Singh,Male,18,Bangalore,Karnataka,India,2/10/2024
C0557,Ankit Roy,Female,45,Hyderabad,Telangana,India,24/01/2024
C0558,Pooja Patel,Female,34,Bangalore,Karnataka,India,2/3/2024
C0559,Rahul Verma,Female,20,Ahmedabad,Gujarat,India,8/7/2024
C0560,Pooja Roy,Female,34,Pune,Maharashtra,India,8/7/2024
C0561,Rahul Sen,Male,37,Delhi,Delhi,India,24/03/2024
C0562,Neha Das,Female,55,Mumbai,Maharashtra,India,12/3/2024
C0563,Priya Ghosh,Female,39,Hyderabad,Telangana,India,3/9/2024
C0564,Ankit Sen,Female,33,Hyderabad,Telangana,India,13/07/2024
C0565,Rahul Singh,Female,39,Delhi,Delhi,India,16/07/2024
C0566,Sneha Verma,Male,21,Ahmedabad,Gujarat,India,15/12/2024
C0567,Pooja Verma,Male,42,Bangalore,Karnataka,India,10/7/2024
C0568,Sneha Patel,Male,45,Ahmedabad,Gujarat,India,21/10/2024
C0569,Rohit Verma,Male,19,Delhi,Delhi,India,22/08/2024
C0570,Arjun Verma,Male,31,Bangalore,Karnataka,India,28/07/2024
C0571,Arjun Sen,Female,55,Bangalore,Karnataka,India,10/7/2024
C0572,Pooja Singh,Female,26,Bangalore,Karnataka,India,17/04/2024
C0573,Sneha Roy,Female,48,Kolkata,West Bengal,India,5/10/2024
C0574,Arjun Das,Male,49,Bangalore,Karnataka,India,6/9/2024
C0575,Priya Singh,Male,35,Delhi,Delhi,India,19/07/2024
C0576,Ankit Sharma,Female,19,Delhi,Delhi,India,20/02/2024
C0577,Priya Sen,Male,27,Mumbai,Maharashtra,India,18/05/2024
C0578,Riya Singh,Female,42,Ahmedabad,Gujarat,India,23/09/2024
C0579,Neha Roy,Male,35,Kolkata,West Bengal,India,28/08/2024
C0580,Arjun Ghosh,Male,18,Delhi,Delhi,India,18/06/2024
C0581,Riya Singh,Female,22,Chennai,Tamil Nadu,India,13/11/2024
C0582,Sneha Verma,Female,46,Delhi,Delhi,India,18/07/2024
C0583,Pooja Sharma,Male,57,Kolkata,West Bengal,India,11/3/2024
C0584,Ankit Patel,Male,46,Ahmedabad,Gujarat,India,19/10/2024
C0585,Ankit Sen,Female,27,Ahmedabad,Gujarat,India,24/12/2024
C0586,Rohit Ghosh,Female,18,Chennai,Tamil Nadu,India,18/10/2024
C0587,Pooja Singh,Female,57,Chennai,Tamil Nadu,India,7/2/2024
C0588,Pooja Roy,Female,56,Delhi,Delhi,India,22/01/2024
C0589,Neha Sen,Female,38,Pune,Maharashtra,India,8/9/2024
C0590,Amit Ghosh,Male,27,Ahmedabad,Gujarat,India,7/1/2024
C0591,Rohit Singh,Male,35,Delhi,Delhi,India,2/10/2024
C0592,Riya Ghosh,Male,47,Chennai,Tamil Nadu,India,5/7/2024
C0593,Arjun Verma,Male,32,Ahmedabad,Gujarat,India,12/12/2024
C0594,Arjun Patel,Female,29,Hyderabad,Telangana,India,16/10/2024
C0595,Ankit Ghosh,Male,39,Pune,Maharashtra,India,12/12/2024
C0596,Priya Sen,Male,32,Chennai,Tamil Nadu,India,5/6/2024
C0597,Rohit Ghosh,Female,55,Delhi,Delhi,India,1/3/2024
C0598,Amit Sharma,Male,24,Hyderabad,Telangana,India,24/04/2024
C0599,Riya Patel,Male,36,Chennai,Tamil Nadu,India,19/12/2024
C0600,Rahul Patel,Male,30,Hyderabad,Telangana,India,15/11/2024
C0601,Riya Singh,Male,35,Delhi,Delhi,India,28/08/2024
C0602,Rahul Das,Male,34,Mumbai,Maharashtra,India,25/05/2024
C0603,Rahul Singh,Male,23,Chennai,Tamil Nadu,India,20/05/2024
C0604,Pooja Ghosh,Male,52,Mumbai,Maharashtra,India,24/02/2024
C0605,Pooja Sharma,Male,43,Ahmedabad,Gujarat,India,26/03/2024
C0606,Amit Singh,Male,60,Bangalore,Karnataka,India,13/01/2024
C0607,Rahul Sen,Female,58,Ahmedabad,Gujarat,India,3/11/2024
C0608,Rahul Patel,Female,39,Mumbai,Maharashtra,India,20/06/2024
C0609,Priya Das,Male,36,Chennai,Tamil Nadu,India,22/06/2024
C0610,Neha Roy,Male,48,Kolkata,West Bengal,India,20/11/2024
C0611,Rahul Verma,Female,22,Hyderabad,Telangana,India,1/3/2024
C0612,Pooja Sharma,Male,35,Bangalore,Karnataka,India,28/11/2024
C0613,Pooja Singh,Female,60,Hyderabad,Telangana,India,25/05/2024
C0614,Rahul Verma,Female,40,Chennai,Tamil Nadu,India,14/12/2024
C0615,Sneha Sen,Male,27,Ahmedabad,Gujarat,India,22/07/2024
C0616,Sneha Sen,Male,56,Hyderabad,Telangana,India,27/08/2024
C0617,Arjun Das,Male,49,Kolkata,West Bengal,India,24/02/2024
C0618,Amit Roy,Male,45,Ahmedabad,Gujarat,India,13/10/2024
C0619,Arjun Roy,Female,21,Ahmedabad,Gujarat,India,24/12/2024
C0620,Rahul Sen,Male,35,Delhi,Delhi,India,28/12/2024
C0621,Neha Roy,Male,42,Ahmedabad,Gujarat,India,11/11/2024
C0622,Sneha Roy,Female,34,Kolkata,West Bengal,India,24/11/2024
C0623,Neha Roy,Male,23,Delhi,Delhi,India,26/01/2024
C0624,Rahul Verma,Male,40,Pune,Maharashtra,India,20/06/2024
C0625,Neha Verma,Female,47,Kolkata,West Bengal,India,10/2/2024
C0626,Rohit Singh,Female,23,Chennai,Tamil Nadu,India,22/07/2024
C0627,Arjun Patel,Male,54,Hyderabad,Telangana,India,25/03/2024
C0628,Amit Patel,Male,33,Kolkata,West Bengal,India,15/02/2024
C0629,Sneha Sen,Female,34,Mumbai,Maharashtra,India,16/07/2024
C0630,Neha Ghosh,Female,40,Ahmedabad,Gujarat,India,1/8/2024
C0631,Arjun Patel,Female,29,Delhi,Delhi,India,5/8/2024
C0632,Neha Sharma,Male,25,Delhi,Delhi,India,11/12/2024
C0633,Rahul Singh,Female,52,Mumbai,Maharashtra,India,22/04/2024
C0634,Pooja Singh,Female,53,Delhi,Delhi,India,9/9/2024
C0635,Priya Ghosh,Female,34,Ahmedabad,Gujarat,India,19/07/2024
C0636,Rahul Sen,Female,29,Pune,Maharashtra,India,7/6/2024
C0637,Arjun Roy,Male,21,Chennai,Tamil Nadu,India,14/12/2024
C0638,Priya Verma,Male,57,Bangalore,Karnataka,India,5/1/2024
C0639,Sneha Verma,Female,47,Hyderabad,Telangana,India,3/12/2024
C0640,Priya Patel,Male,44,Delhi,Delhi,India,14/03/2024
C0641,Rohit Roy,Female,44,Pune,Maharashtra,India,11/3/2024
C0642,Riya Patel,Male,35,Bangalore,Karnataka,India,25/04/2024
C0643,Sneha Sen,Female,27,Hyderabad,Telangana,India,8/6/2024
C0644,Amit Patel,Female,29,Hyderabad,Telangana,India,21/11/2024
C0645,Ankit Sharma,Male,56,Pune,Maharashtra,India,22/04/2024
C0646,Pooja Sharma,Male,55,Hyderabad,Telangana,India,19/03/2024
C0647,Priya Ghosh,Male,24,Delhi,Delhi,India,2/7/2024
C0648,Neha Sharma,Female,26,Ahmedabad,Gujarat,India,27/05/2024
C0649,Neha Ghosh,Female,18,Delhi,Delhi,India,16/03/2024
C0650,Ankit Verma,Female,23,Ahmedabad,Gujarat,India,14/03/2024
C0651,Ankit Sharma,Female,28,Pune,Maharashtra,India,11/5/2024
C0652,Arjun Patel,Female,41,Chennai,Tamil Nadu,India,2/1/2024
C0653,Arjun Roy,Male,36,Chennai,Tamil Nadu,India,26/07/2024
C0654,Rohit Ghosh,Male,18,Mumbai,Maharashtra,India,9/12/2024
C0655,Rahul Singh,Female,42,Kolkata,West Bengal,India,24/05/2024
C0656,Amit Verma,Female,43,Chennai,Tamil Nadu,India,26/05/2024
C0657,Amit Verma,Male,19,Delhi,Delhi,India,27/06/2024
C0658,Sneha Patel,Male,53,Bangalore,Karnataka,India,7/8/2024
C0659,Priya Singh,Female,44,Pune,Maharashtra,India,2/6/2024
C0660,Pooja Das,Male,55,Mumbai,Maharashtra,India,18/07/2024
C0661,Arjun Patel,Male,52,Hyderabad,Telangana,India,4/12/2024
C0662,Ankit Sharma,Female,56,Hyderabad,Telangana,India,7/5/2024
C0663,Riya Singh,Male,49,Kolkata,West Bengal,India,19/07/2024
C0664,Arjun Patel,Male,37,Mumbai,Maharashtra,India,22/03/2024
C0665,Riya Sharma,Female,56,Hyderabad,Telangana,India,23/01/2024
C0666,Priya Ghosh,Male,38,Ahmedabad,Gujarat,India,4/10/2024
C0667,Priya Sen,Female,29,Hyderabad,Telangana,India,4/1/2024
C0668,Neha Singh,Female,32,Ahmedabad,Gujarat,India,7/11/2024
C0669,Ankit Sharma,Female,47,Kolkata,West Bengal,India,26/09/2024
C0670,Priya Patel,Female,22,Ahmedabad,Gujarat,India,19/09/2024
C0671,Sneha Ghosh,Male,44,Ahmedabad,Gujarat,India,13/09/2024
C0672,Arjun Patel,Male,33,Kolkata,West Bengal,India,13/02/2024
C0673,Sneha Ghosh,Male,47,Kolkata,West Bengal,India,24/04/2024
C0674,Amit Patel,Male,46,Bangalore,Karnataka,India,18/10/2024
C0675,Ankit Roy,Female,49,Ahmedabad,Gujarat,India,7/2/2024
C0676,Amit Patel,Male,33,Delhi,Delhi,India,28/01/2024
C0677,Riya Singh,Female,29,Bangalore,Karnataka,India,5/6/2024
C0678,Pooja Sharma,Male,25,Bangalore,Karnataka,India,11/7/2024
C0679,Priya Sen,Male,37,Pune,Maharashtra,India,18/03/2024
C0680,Sneha Patel,Female,43,Chennai,Tamil Nadu,India,19/07/2024
C0681,Priya Roy,Female,20,Ahmedabad,Gujarat,India,10/2/2024
C0682,Priya Das,Female,58,Mumbai,Maharashtra,India,20/06/2024
C0683,Riya Roy,Male,25,Ahmedabad,Gujarat,India,3/8/2024
C0684,Neha Sen,Male,53,Kolkata,West Bengal,India,15/04/2024
C0685,Neha Sharma,Male,20,Chennai,Tamil Nadu,India,18/06/2024
C0686,Rahul Ghosh,Female,31,Pune,Maharashtra,India,3/2/2024
C0687,Riya Patel,Female,31,Ahmedabad,Gujarat,India,19/02/2024
C0688,Rahul Sharma,Female,34,Hyderabad,Telangana,India,13/04/2024
C0689,Riya Roy,Female,26,Bangalore,Karnataka,India,5/9/2024
C0690,Pooja Verma,Male,58,Ahmedabad,Gujarat,India,9/7/2024
C0691,Priya Sharma,Male,26,Bangalore,Karnataka,India,11/5/2024
C0692,Rohit Ghosh,Female,53,Pune,Maharashtra,India,25/03/2024
C0693,Sneha Ghosh,Female,23,Kolkata,West Bengal,India,4/6/2024
C0694,Riya Verma,Male,52,Hyderabad,Telangana,India,16/06/2024
C0695,Priya Ghosh,Female,28,Ahmedabad,Gujarat,India,12/9/2024
C0696,Sneha Ghosh,Male,53,Kolkata,West Bengal,India,5/9/2024
C0697,Rahul Das,Male,59,Bangalore,Karnataka,India,19/09/2024
C0698,Pooja Singh,Female,47,Pune,Maharashtra,India,20/03/2024
C0699,Amit Sen,Female,58,Bangalore,Karnataka,India,27/07/2024
C0700,Pooja Sharma,Female,58,Kolkata,West Bengal,India,5/6/2024
C0701,Ankit Sen,Male,41,Delhi,Delhi,India,10/5/2024
C0702,Ankit Patel,Female,21,Hyderabad,Telangana,India,11/9/2024
C0703,Riya Patel,Female,19,Pune,Maharashtra,India,21/02/2024
C0704,Priya Singh,Male,46,Delhi,Delhi,India,9/3/2024
C0705,Sneha Singh,Female,53,Bangalore,Karnataka,India,14/07/2024
C0706,Priya Sharma,Male,26,Hyderabad,Telangana,India,7/5/2024
C0707,Pooja Singh,Female,53,Pune,Maharashtra,India,3/5/2024
C0708,Arjun Sharma,Male,24,Kolkata,West Bengal,India,9/10/2024
C0709,Priya Sen,Male,22,Pune,Maharashtra,India,16/11/2024
C0710,Riya Singh,Male,42,Bangalore,Karnataka,India,20/03/2024
C0711,Arjun Singh,Male,33,Chennai,Tamil Nadu,India,9/1/2024
C0712,Sneha Ghosh,Male,45,Delhi,Delhi,India,12/6/2024
C0713,Neha Verma,Female,31,Pune,Maharashtra,India,3/7/2024
C0714,Priya Ghosh,Male,21,Mumbai,Maharashtra,India,28/12/2024
C0715,Ankit Ghosh,Male,46,Hyderabad,Telangana,India,2/11/2024
C0716,Ankit Sen,Female,40,Chennai,Tamil Nadu,India,4/11/2024
C0717,Pooja Patel,Female,39,Delhi,Delhi,India,15/12/2024
C0718,Pooja Ghosh,Female,56,Chennai,Tamil Nadu,India,4/3/2024
C0719,Rahul Roy,Male,21,Kolkata,West Bengal,India,14/02/2024
C0720,Riya Sharma,Male,60,Bangalore,Karnataka,India,19/04/2024
C0721,Rohit Sen,Male,50,Mumbai,Maharashtra,India,21/11/2024
C0722,Neha Ghosh,Male,22,Bangalore,Karnataka,India,17/09/2024
C0723,Sneha Verma,Female,18,Hyderabad,Telangana,India,4/9/2024
C0724,Amit Sharma,Female,40,Bangalore,Karnataka,India,20/07/2024
C0725,Rahul Sen,Female,53,Mumbai,Maharashtra,India,10/9/2024
C0726,Neha Sen,Female,47,Hyderabad,Telangana,India,17/04/2024
C0727,Rahul Patel,Male,39,Ahmedabad,Gujarat,India,27/06/2024
C0728,Arjun Patel,Male,18,Mumbai,Maharashtra,India,28/08/2024
C0729,Ankit Das,Female,55,Kolkata,West Bengal,India,14/03/2024
C0730,Riya Das,Male,18,Kolkata,West Bengal,India,25/03/2024
C0731,Neha Verma,Male,55,Mumbai,Maharashtra,India,5/5/2024
C0732,Neha Sharma,Male,27,Bangalore,Karnataka,India,18/11/2024
C0733,Amit Roy,Female,54,Bangalore,Karnataka,India,2/8/2024
C0734,Amit Verma,Female,33,Ahmedabad,Gujarat,India,5/7/2024
C0735,Ankit Singh,Male,19,Chennai,Tamil Nadu,India,5/1/2024
C0736,Pooja Verma,Female,47,Ahmedabad,Gujarat,India,6/7/2024
C0737,Riya Verma,Female,31,Kolkata,West Bengal,India,20/12/2024
C0738,Pooja Das,Male,33,Delhi,Delhi,India,15/12/2024
C0739,Riya Verma,Female,41,Chennai,Tamil Nadu,India,4/11/2024
C0740,Amit Ghosh,Female,55,Pune,Maharashtra,India,5/3/2024
C0741,Pooja Patel,Male,41,Bangalore,Karnataka,India,7/10/2024
C0742,Priya Patel,Female,40,Bangalore,Karnataka,India,16/11/2024
C0743,Priya Roy,Female,41,Chennai,Tamil Nadu,India,28/11/2024
C0744,Arjun Roy,Female,51,Hyderabad,Telangana,India,17/08/2024
C0745,Arjun Roy,Female,51,Ahmedabad,Gujarat,India,11/4/2024
C0746,Sneha Das,Male,42,Hyderabad,Telangana,India,22/03/2024
C0747,Amit Patel,Male,39,Mumbai,Maharashtra,India,5/5/2024
C0748,Sneha Sen,Male,38,Ahmedabad,Gujarat,India,24/09/2024
C0749,Pooja Patel,Female,26,Ahmedabad,Gujarat,India,1/6/2024
C0750,Sneha Roy,Female,49,Bangalore,Karnataka,India,10/7/2024
C0751,Rohit Ghosh,Male,28,Delhi,Delhi,India,18/05/2024
C0752,Pooja Sharma,Male,42,Kolkata,West Bengal,India,7/1/2024
C0753,Pooja Sen,Male,22,Bangalore,Karnataka,India,12/10/2024
C0754,Sneha Singh,Male,39,Bangalore,Karnataka,India,5/8/2024
C0755,Rahul Patel,Male,46,Chennai,Tamil Nadu,India,23/06/2024
C0756,Neha Verma,Female,48,Hyderabad,Telangana,India,21/09/2024
C0757,Pooja Verma,Female,38,Chennai,Tamil Nadu,India,15/06/2024
C0758,Priya Ghosh,Male,35,Hyderabad,Telangana,India,21/07/2024
C0759,Rohit Sen,Female,57,Hyderabad,Telangana,India,16/03/2024
C0760,Pooja Sharma,Male,39,Pune,Maharashtra,India,2/7/2024
C0761,Rohit Sen,Male,59,Bangalore,Karnataka,India,23/10/2024
C0762,Priya Ghosh,Female,43,Pune,Maharashtra,India,1/7/2024
C0763,Rohit Verma,Male,26,Kolkata,West Bengal,India,1/8/2024
C0764,Rohit Sharma,Female,29,Ahmedabad,Gujarat,India,27/11/2024
C0765,Pooja Ghosh,Male,40,Mumbai,Maharashtra,India,5/2/2024
C0766,Ankit Patel,Male,28,Hyderabad,Telangana,India,9/1/2024
C0767,Neha Das,Female,21,Mumbai,Maharashtra,India,12/4/2024
C0768,Ankit Ghosh,Female,41,Kolkata,West Bengal,India,9/2/2024
C0769,Neha Singh,Male,44,Hyderabad,Telangana,India,28/06/2024
C0770,Sneha Das,Male,18,Delhi,Delhi,India,3/5/2024
C0771,Rahul Verma,Female,56,Delhi,Delhi,India,22/08/2024
C0772,Ankit Sharma,Male,22,Delhi,Delhi,India,10/9/2024
C0773,Ankit Das,Female,56,Mumbai,Maharashtra,India,2/10/2024
C0774,Rohit Sen,Male,32,Ahmedabad,Gujarat,India,6/6/2024
C0775,Neha Verma,Female,54,Kolkata,West Bengal,India,1/1/2024
C0776,Amit Roy,Male,21,Ahmedabad,Gujarat,India,13/06/2024
C0777,Pooja Das,Male,51,Chennai,Tamil Nadu,India,7/1/2024
C0778,Arjun Patel,Male,37,Mumbai,Maharashtra,India,1/1/2024
C0779,Ankit Patel,Female,20,Bangalore,Karnataka,India,16/08/2024
C0780,Riya Das,Female,59,Pune,Maharashtra,India,8/9/2024
C0781,Ankit Sharma,Female,49,Chennai,Tamil Nadu,India,25/05/2024
C0782,Sneha Verma,Male,50,Mumbai,Maharashtra,India,13/05/2024
C0783,Rahul Sen,Male,28,Mumbai,Maharashtra,India,14/01/2024
C0784,Rohit Verma,Female,31,Mumbai,Maharashtra,India,20/02/2024
C0785,Amit Roy,Female,27,Kolkata,West Bengal,India,5/5/2024
C0786,Sneha Sen,Female,18,Chennai,Tamil Nadu,India,1/1/2024
C0787,Ankit Verma,Male,20,Pune,Maharashtra,India,20/09/2024
C0788,Rohit Roy,Male,24,Mumbai,Maharashtra,India,4/2/2024
C0789,Rahul Singh,Female,28,Mumbai,Maharashtra,India,7/12/2024
C0790,Riya Patel,Female,21,Ahmedabad,Gujarat,India,25/06/2024
C0791,Rohit Verma,Female,50,Pune,Maharashtra,India,21/02/2024
C0792,Ankit Das,Male,20,Kolkata,West Bengal,India,23/06/2024
C0793,Amit Patel,Male,34,Ahmedabad,Gujarat,India,24/07/2024
C0794,Rohit Verma,Female,52,Ahmedabad,Gujarat,India,10/9/2024
C0795,Riya Patel,Male,41,Bangalore,Karnataka,India,16/08/2024
C0796,Rahul Sharma,Male,40,Pune,Maharashtra,India,18/07/2024
C0797,Priya Sen,Female,20,Pune,Maharashtra,India,13/11/2024
C0798,Priya Sen,Male,60,Mumbai,Maharashtra,India,20/05/2024
C0799,Arjun Das,Male,30,Pune,Maharashtra,India,3/8/2024
C0800,Arjun Das,Male,30,Ahmedabad,Gujarat,India,5/4/2024
C0801,Rohit Patel,Female,48,Hyderabad,Telangana,India,10/5/2024
C0802,Rahul Sharma,Female,36,Bangalore,Karnataka,India,12/4/2024
C0803,Rahul Verma,Male,50,Kolkata,West Bengal,India,21/11/2024
C0804,Riya Patel,Male,44,Pune,Maharashtra,India,10/11/2024
C0805,Neha Das,Female,26,Mumbai,Maharashtra,India,3/7/2024
C0806,Riya Singh,Male,39,Chennai,Tamil Nadu,India,10/11/2024
C0807,Rohit Sen,Male,39,Ahmedabad,Gujarat,India,15/06/2024
C0808,Pooja Ghosh,Female,31,Bangalore,Karnataka,India,6/8/2024
C0809,Rahul Das,Male,21,Mumbai,Maharashtra,India,20/01/2024
C0810,Neha Sen,Female,33,Delhi,Delhi,India,6/8/2024
C0811,Rahul Ghosh,Female,33,Delhi,Delhi,India,20/03/2024
C0812,Riya Sen,Female,43,Pune,Maharashtra,India,12/10/2024
C0813,Pooja Das,Male,30,Delhi,Delhi,India,27/01/2024
C0814,Ankit Das,Female,46,Delhi,Delhi,India,5/7/2024
C0815,Amit Patel,Female,27,Mumbai,Maharashtra,India,14/02/2024
C0816,Priya Singh,Male,34,Mumbai,Maharashtra,India,25/11/2024
C0817,Arjun Verma,Male,26,Pune,Maharashtra,India,15/04/2024
C0818,Rohit Sen,Male,51,Hyderabad,Telangana,India,24/10/2024
C0819,Neha Verma,Female,26,Kolkata,West Bengal,India,26/09/2024
C0820,Neha Verma,Male,27,Delhi,Delhi,India,9/3/2024
C0821,Riya Roy,Male,22,Hyderabad,Telangana,India,25/07/2024
C0822,Riya Ghosh,Female,28,Ahmedabad,Gujarat,India,15/01/2024
C0823,Neha Patel,Male,27,Bangalore,Karnataka,India,7/7/2024
C0824,Neha Sharma,Female,18,Pune,Maharashtra,India,7/4/2024
C0825,Pooja Roy,Male,47,Kolkata,West Bengal,India,20/02/2024
C0826,Rahul Sen,Male,30,Mumbai,Maharashtra,India,13/01/2024
C0827,Rohit Singh,Female,33,Ahmedabad,Gujarat,India,21/06/2024
C0828,Sneha Sen,Female,42,Mumbai,Maharashtra,India,22/10/2024
C0829,Amit Das,Female,51,Bangalore,Karnataka,India,15/03/2024
C0830,Neha Sharma,Female,25,Mumbai,Maharashtra,India,18/09/2024
C0831,Arjun Das,Female,60,Pune,Maharashtra,India,1/2/2024
C0832,Sneha Patel,Female,46,Kolkata,West Bengal,India,4/9/2024
C0833,Amit Patel,Female,54,Mumbai,Maharashtra,India,20/01/2024
C0834,Amit Singh,Male,50,Bangalore,Karnataka,India,11/10/2024
C0835,Sneha Singh,Female,31,Delhi,Delhi,India,27/02/2024
C0836,Rahul Singh,Male,49,Kolkata,West Bengal,India,24/01/2024
C0837,Neha Patel,Female,56,Bangalore,Karnataka,India,27/08/2024
C0838,Neha Das,Male,54,Mumbai,Maharashtra,India,18/08/2024
C0839,Ankit Sen,Female,25,Delhi,Delhi,India,23/12/2024
C0840,Ankit Ghosh,Male,49,Chennai,Tamil Nadu,India,3/11/2024
C0841,Priya Das,Male,34,Delhi,Delhi,India,17/10/2024
C0842,Rohit Sharma,Female,22,Kolkata,West Bengal,India,10/1/2024
C0843,Priya Ghosh,Female,18,Kolkata,West Bengal,India,9/8/2024
C0844,Amit Singh,Male,53,Hyderabad,Telangana,India,15/06/2024
C0845,Ankit Roy,Male,37,Chennai,Tamil Nadu,India,9/5/2024
C0846,Priya Patel,Male,37,Chennai,Tamil Nadu,India,27/12/2024
C0847,Priya Das,Female,47,Hyderabad,Telangana,India,27/05/2024
C0848,Rahul Ghosh,Female,20,Ahmedabad,Gujarat,India,19/11/2024
C0849,Rohit Patel,Female,49,Ahmedabad,Gujarat,India,23/11/2024
C0850,Arjun Das,Female,32,Chennai,Tamil Nadu,India,27/06/2024
C0851,Rahul Singh,Female,60,Bangalore,Karnataka,India,12/11/2024
C0852,Rahul Singh,Female,38,Delhi,Delhi,India,1/1/2024
C0853,Arjun Roy,Male,31,Mumbai,Maharashtra,India,26/09/2024
C0854,Arjun Sen,Female,33,Pune,Maharashtra,India,12/7/2024
C0855,Riya Das,Male,24,Ahmedabad,Gujarat,India,27/12/2024
C0856,Riya Singh,Male,23,Delhi,Delhi,India,25/06/2024
C0857,Sneha Verma,Female,33,Hyderabad,Telangana,India,16/05/2024
C0858,Riya Sen,Female,35,Hyderabad,Telangana,India,13/05/2024
C0859,Rohit Patel,Female,53,Ahmedabad,Gujarat,India,10/12/2024
C0860,Amit Sen,Male,41,Delhi,Delhi,India,11/2/2024
C0861,Rahul Sen,Female,35,Mumbai,Maharashtra,India,15/09/2024
C0862,Pooja Verma,Male,56,Mumbai,Maharashtra,India,21/12/2024
C0863,Priya Sen,Female,46,Chennai,Tamil Nadu,India,20/07/2024
C0864,Sneha Das,Male,31,Hyderabad,Telangana,India,11/9/2024
C0865,Arjun Sharma,Male,47,Mumbai,Maharashtra,India,25/03/2024
C0866,Rohit Das,Male,26,Ahmedabad,Gujarat,India,10/1/2024
C0867,Arjun Patel,Female,51,Pune,Maharashtra,India,20/05/2024
C0868,Arjun Patel,Male,18,Pune,Maharashtra,India,6/4/2024
C0869,Riya Sharma,Male,49,Mumbai,Maharashtra,India,15/04/2024
C0870,Amit Sen,Female,22,Ahmedabad,Gujarat,India,22/03/2024
C0871,Riya Roy,Female,21,Bangalore,Karnataka,India,11/6/2024
C0872,Priya Sen,Female,44,Ahmedabad,Gujarat,India,9/1/2024
C0873,Riya Patel,Female,30,Bangalore,Karnataka,India,3/10/2024
C0874,Arjun Verma,Male,23,Ahmedabad,Gujarat,India,20/03/2024
C0875,Rohit Singh,Male,25,Bangalore,Karnataka,India,2/6/2024
C0876,Rahul Singh,Female,32,Hyderabad,Telangana,India,28/07/2024
C0877,Rohit Roy,Female,30,Chennai,Tamil Nadu,India,9/9/2024
C0878,Rahul Verma,Male,27,Chennai,Tamil Nadu,India,1/9/2024
C0879,Rahul Singh,Female,25,Hyderabad,Telangana,India,22/08/2024
C0880,Sneha Roy,Male,42,Bangalore,Karnataka,India,19/08/2024
C0881,Neha Sharma,Male,18,Ahmedabad,Gujarat,India,5/8/2024
C0882,Sneha Ghosh,Female,59,Bangalore,Karnataka,India,24/05/2024
C0883,Neha Singh,Female,20,Ahmedabad,Gujarat,India,18/02/2024
C0884,Rohit Singh,Female,21,Kolkata,West Bengal,India,23/06/2024
C0885,Neha Sen,Male,56,Mumbai,Maharashtra,India,16/07/2024
C0886,Priya Verma,Male,42,Pune,Maharashtra,India,9/9/2024
C0887,Neha Sharma,Male,53,Chennai,Tamil Nadu,India,28/07/2024
C0888,Rohit Sharma,Male,41,Kolkata,West Bengal,India,7/12/2024
C0889,Rohit Sharma,Female,18,Chennai,Tamil Nadu,India,13/08/2024
C0890,Arjun Ghosh,Male,49,Ahmedabad,Gujarat,India,22/04/2024
C0891,Pooja Sharma,Male,52,Delhi,Delhi,India,10/1/2024
C0892,Priya Das,Female,25,Delhi,Delhi,India,11/6/2024
C0893,Riya Patel,Male,40,Chennai,Tamil Nadu,India,13/10/2024
C0894,Rahul Verma,Female,51,Hyderabad,Telangana,India,13/02/2024
C0895,Arjun Verma,Female,53,Hyderabad,Telangana,India,7/5/2024
C0896,Pooja Sharma,Male,24,Bangalore,Karnataka,India,17/07/2024
C0897,Ankit Patel,Male,31,Hyderabad,Telangana,India,22/02/2024
C0898,Arjun Patel,Male,23,Mumbai,Maharashtra,India,24/09/2024
C0899,Rohit Singh,Male,40,Hyderabad,Telangana,India,9/1/2024
C0900,Arjun Das,Female,52,Mumbai,Maharashtra,India,4/2/2024
C0901,Rahul Ghosh,Female,21,Bangalore,Karnataka,India,12/11/2024
C0902,Amit Das,Male,60,Chennai,Tamil Nadu,India,17/12/2024
C0903,Arjun Sen,Female,56,Bangalore,Karnataka,India,16/11/2024
C0904,Neha Sharma,Female,43,Kolkata,West Bengal,India,9/2/2024
C0905,Arjun Sharma,Female,34,Ahmedabad,Gujarat,India,26/09/2024
C0906,Riya Verma,Female,56,Delhi,Delhi,India,20/03/2024
C0907,Sneha Patel,Female,22,Chennai,Tamil Nadu,India,12/7/2024
C0908,Pooja Ghosh,Female,52,Bangalore,Karnataka,India,13/05/2024
C0909,Priya Sharma,Female,31,Hyderabad,Telangana,India,3/10/2024
C0910,Pooja Singh,Female,32,Chennai,Tamil Nadu,India,24/05/2024
C0911,Ankit Patel,Male,45,Mumbai,Maharashtra,India,6/6/2024
C0912,Ankit Singh,Male,28,Kolkata,West Bengal,India,27/07/2024
C0913,Amit Patel,Female,48,Kolkata,West Bengal,India,26/11/2024
C0914,Rohit Sen,Male,19,Pune,Maharashtra,India,15/01/2024
C0915,Rahul Singh,Female,28,Delhi,Delhi,India,4/3/2024
C0916,Neha Verma,Male,42,Ahmedabad,Gujarat,India,2/2/2024
C0917,Arjun Singh,Male,53,Delhi,Delhi,India,22/04/2024
C0918,Priya Sharma,Female,40,Delhi,Delhi,India,21/02/2024
C0919,Priya Das,Male,44,Mumbai,Maharashtra,India,12/2/2024
C0920,Priya Sen,Male,18,Chennai,Tamil Nadu,India,19/11/2024
C0921,Ankit Roy,Male,30,Mumbai,Maharashtra,India,18/10/2024
C0922,Neha Singh,Male,35,Kolkata,West Bengal,India,19/09/2024
C0923,Neha Patel,Male,31,Ahmedabad,Gujarat,India,26/12/2024
C0924,Amit Patel,Female,58,Kolkata,West Bengal,India,13/02/2024
C0925,Riya Verma,Male,44,Kolkata,West Bengal,India,1/5/2024
C0926,Pooja Verma,Female,20,Hyderabad,Telangana,India,8/9/2024
C0927,Amit Das,Male,43,Mumbai,Maharashtra,India,28/08/2024
C0928,Riya Sharma,Male,44,Kolkata,West Bengal,India,11/8/2024
C0929,Pooja Patel,Male,45,Mumbai,Maharashtra,India,5/11/2024
C0930,Pooja Das,Male,22,Chennai,Tamil Nadu,India,5/4/2024
C0931,Sneha Sharma,Male,22,Mumbai,Maharashtra,India,23/10/2024
C0932,Riya Das,Male,21,Bangalore,Karnataka,India,21/11/2024
C0933,Sneha Sen,Female,54,Chennai,Tamil Nadu,India,7/3/2024
C0934,Rohit Singh,Female,54,Hyderabad,Telangana,India,24/12/2024
C0935,Rahul Verma,Male,35,Pune,Maharashtra,India,9/11/2024
C0936,Rahul Verma,Female,24,Hyderabad,Telangana,India,20/03/2024
C0937,Arjun Verma,Male,35,Kolkata,West Bengal,India,20/07/2024
C0938,Riya Sen,Male,55,Ahmedabad,Gujarat,India,22/03/2024
C0939,Ankit Das,Female,37,Delhi,Delhi,India,11/1/2024
C0940,Priya Ghosh,Male,38,Chennai,Tamil Nadu,India,2/6/2024
C0941,Sneha Singh,Female,48,Chennai,Tamil Nadu,India,11/12/2024
C0942,Amit Sen,Female,54,Hyderabad,Telangana,India,8/2/2024
C0943,Priya Singh,Male,41,Pune,Maharashtra,India,15/08/2024
C0944,Pooja Sharma,Male,27,Bangalore,Karnataka,India,10/3/2024
C0945,Arjun Singh,Female,29,Delhi,Delhi,India,7/9/2024
C0946,Priya Das,Female,44,Bangalore,Karnataka,India,17/10/2024
C0947,Amit Sharma,Female,28,Mumbai,Maharashtra,India,20/05/2024
C0948,Riya Roy,Female,19,Delhi,Delhi,India,1/7/2024
C0949,Arjun Sen,Female,35,Delhi,Delhi,India,11/8/2024
C0950,Sneha Patel,Female,34,Mumbai,Maharashtra,India,1/12/2024
C0951,Neha Sharma,Male,26,Pune,Maharashtra,India,13/06/2024
C0952,Priya Patel,Female,33,Kolkata,West Bengal,India,26/12/2024
C0953,Neha Singh,Male,59,Ahmedabad,Gujarat,India,10/12/2024
C0954,Amit Verma,Female,46,Ahmedabad,Gujarat,India,27/11/2024
C0955,Rahul Ghosh,Male,42,Hyderabad,Telangana,India,15/06/2024
C0956,Priya Singh,Female,33,Hyderabad,Telangana,India,28/05/2024
C0957,Arjun Singh,Female,33,Delhi,Delhi,India,24/12/2024
C0958,Riya Sharma,Male,19,Pune,Maharashtra,India,3/8/2024
C0959,Rohit Das,Female,32,Chennai,Tamil Nadu,India,14/04/2024
C0960,Ankit Verma,Male,28,Chennai,Tamil Nadu,India,1/6/2024
C0961,Sneha Ghosh,Male,49,Chennai,Tamil Nadu,India,13/05/2024
C0962,Ankit Sen,Female,30,Hyderabad,Telangana,India,25/05/2024
C0963,Riya Roy,Female,30,Pune,Maharashtra,India,28/01/2024
C0964,Rohit Das,Male,41,Hyderabad,Telangana,India,7/2/2024
C0965,Arjun Verma,Female,29,Pune,Maharashtra,India,26/08/2024
C0966,Sneha Roy,Male,56,Ahmedabad,Gujarat,India,4/11/2024
C0967,Pooja Patel,Female,23,Pune,Maharashtra,India,4/6/2024
C0968,Riya Sharma,Male,30,Kolkata,West Bengal,India,11/3/2024
C0969,Ankit Sharma,Female,21,Mumbai,Maharashtra,India,24/12/2024
C0970,Rahul Das,Female,33,Hyderabad,Telangana,India,1/7/2024
C0971,Rahul Sharma,Female,24,Mumbai,Maharashtra,India,7/11/2024
C0972,Rahul Verma,Female,33,Pune,Maharashtra,India,3/2/2024
C0973,Arjun Roy,Male,21,Chennai,Tamil Nadu,India,14/10/2024
C0974,Riya Das,Female,29,Delhi,Delhi,India,13/04/2024
C0975,Ankit Patel,Male,53,Ahmedabad,Gujarat,India,23/03/2024
C0976,Priya Ghosh,Male,39,Chennai,Tamil Nadu,India,12/5/2024
C0977,Priya Patel,Female,36,Chennai,Tamil Nadu,India,23/10/2024
C0978,Pooja Sen,Female,34,Mumbai,Maharashtra,India,7/8/2024
C0979,Riya Singh,Male,39,Pune,Maharashtra,India,5/2/2024
C0980,Neha Patel,Female,30,Ahmedabad,Gujarat,India,4/11/2024
C0981,Riya Ghosh,Male,46,Chennai,Tamil Nadu,India,10/6/2024
C0982,Ankit Singh,Female,27,Hyderabad,Telangana,India,11/9/2024
C0983,Rahul Ghosh,Female,37,Delhi,Delhi,India,5/12/2024
C0984,Priya Roy,Female,55,Mumbai,Maharashtra,India,23/01/2024
C0985,Amit Verma,Female,47,Kolkata,West Bengal,India,25/03/2024
C0986,Sneha Sen,Male,35,Hyderabad,Telangana,India,26/05/2024
C0987,Pooja Singh,Female,51,Bangalore,Karnataka,India,3/11/2024
C0988,Priya Verma,Male,51,Pune,Maharashtra,India,10/12/2024
C0989,Neha Singh,Male,25,Ahmedabad,Gujarat,India,22/05/2024
C0990,Rohit Patel,Female,18,Delhi,Delhi,India,24/08/2024
C0991,Priya Patel,Male,48,Mumbai,Maharashtra,India,3/1/2024
C0992,Priya Patel,Male,55,Chennai,Tamil Nadu,India,11/1/2024
C0993,Priya Sen,Female,49,Chennai,Tamil Nadu,India,23/04/2024
C0994,Ankit Ghosh,Female,22,Kolkata,West Bengal,India,25/11/2024
C0995,Pooja Das,Male,52,Delhi,Delhi,India,3/8/2024
C0996,Sneha Patel,Male,51,Pune,Maharashtra,India,16/03/2024
C0997,Amit Sharma,Male,57,Pune,Maharashtra,India,4/11/2024
C0998,Priya Singh,Female,31,Chennai,Tamil Nadu,India,15/11/2024
C0999,Rahul Sharma,Male,37,Hyderabad,Telangana,India,9/2/2024
C1000,Priya Singh,Male,32,Chennai,Tamil Nadu,India,16/05/2024
